City_ID,City,Country,Max Temp,Description,Lat,Lng,Hotel Name
6,Albany,US,75.0,clear sky,42.6,-73.97,
8,Ugoofaaru,MV,83.16,broken clouds,5.67,73.0,Ungoofaaru Inn
9,Shuangcheng,CN,78.01,broken clouds,45.35,126.28,Xingcheng Hotel
10,Vanimo,PG,86.85,overcast clouds,-2.67,141.3,Vahmoneh Lodge Vanimo
15,Ashland,US,75.99,clear sky,40.82,-82.27,Holiday Inn Express & Suites Ashland
16,Bethel,US,77.0,clear sky,41.37,-73.41,Courtyard by Marriott Danbury
20,Karratha,AU,87.37,clear sky,-20.74,116.85,ibis Styles Karratha
24,Isangel,VU,78.8,broken clouds,-19.55,169.27,Volcano Sea View Tree House
26,Rincon,US,80.6,overcast clouds,32.3,-81.24,Bent tree subdivision
36,Port Blair,IN,83.39,overcast clouds,11.67,92.75,Fortune Resort Bay Island
45,Morant Bay,JM,84.2,thunderstorm,17.88,-76.41,Whispering Bamboo Cove Resort
47,Praia Da Vitoria,PT,75.2,few clouds,38.73,-27.07,Hotel Branco I
49,Katsuura,JP,90.0,few clouds,35.13,140.3,Katsuura Hotel Mikazuki
52,Galesong,ID,89.6,few clouds,-5.32,119.37,Sapriadi Appy
56,Atuona,PF,78.37,few clouds,-9.8,-139.03,Villa Enata
57,Kamaishi,JP,82.4,broken clouds,39.27,141.88,Hotel Route Inn Kamaishi
59,Bathsheba,BB,82.4,few clouds,13.22,-59.52,Atlantis Hotel
60,Jiangyou,CN,80.06,clear sky,31.77,104.72,Shangping Shuyuan Inn
61,Poso,ID,86.94,clear sky,-1.4,120.75,Hotel 77 Poso
63,Kapaa,US,86.0,scattered clouds,22.08,-159.32,Sheraton Kauai Resort at Coconut Beach
65,Vaini,TO,80.6,few clouds,-21.2,-175.2,Keleti Beach Resort
68,Bud,US,80.01,clear sky,39.45,-86.18,Madsion Scouts Camp
69,Aquidauana,BR,75.15,clear sky,-20.47,-55.79,HOTEL ARARAS
72,Mehriz,IR,77.0,clear sky,31.59,54.43,Mehrgard dwelling/ÿ≥ÿ±ÿß€å ŸÖŸáÿ±⁄Øÿ±ÿØ
76,Butaritari,KI,81.95,overcast clouds,3.07,172.79,Isles Sunset Lodge
80,Portland,US,75.0,clear sky,45.52,-122.68,Portland Marriott City Center
87,Meulaboh,ID,81.43,clear sky,4.14,96.13,Kost Pria
89,San Antonio,US,87.8,clear sky,29.42,-98.49,Marriott Plaza San Antonio
98,Hithadhoo,MV,83.21,overcast clouds,-0.6,73.08,Scoop Guest House
102,Bikaner,IN,82.58,clear sky,28.02,73.3,The Laxmi Niwas Palace
105,Huangchuan,CN,81.64,clear sky,32.13,115.04,Guangzhou International Hotel
115,Hilo,US,84.2,overcast clouds,19.73,-155.09,Hilo Hawaiian Hotel
121,Araouane,ML,85.05,moderate rain,18.9,-3.53,
122,Pasighat,IN,86.86,clear sky,28.07,95.33,Siang Guest House
123,Avarua,CK,77.0,broken clouds,-21.21,-159.78,Paradise Inn
127,Mae Sai,TH,77.0,broken clouds,20.43,99.88,Piyaporn Hill Paradise Hotel
130,Puerto Del Rosario,ES,77.0,clear sky,28.5,-13.86,Hotel JM Puerto del Rosario
133,Nagato,JP,87.8,few clouds,34.38,131.2,„ÅÑ„Åù„ÅÜÂ∫µ
134,Lakatoro,VU,84.2,broken clouds,-16.1,167.42,Lakatoro Palm Lodge
139,Iquitos,PE,75.47,overcast clouds,-3.75,-73.25,Cortez Malaga Techy Caroly
140,Marsa Matruh,EG,77.0,few clouds,31.35,27.25,Beau Site
144,Santa Isabel Do Rio Negro,BR,78.6,broken clouds,-0.41,-65.02,Hotel GSA
146,Moengo,SR,75.02,clear sky,5.62,-54.4,Masanga
149,Mogadishu,SO,76.35,light rain,2.04,45.34,Hotel Juba
156,Kavieng,PG,83.64,clear sky,-2.57,150.8,Nusa Island Retreat
160,Mecca,SA,88.03,scattered clouds,21.43,39.83,Hotel Fairmont Makkah Clock Royal Tower
166,Bengkulu,ID,82.49,overcast clouds,-3.8,102.27,Grage Hotel Bengkulu
168,La Orilla,MX,80.04,overcast clouds,17.98,-102.23,Baymont by Wyndham Lazaro Cardenas
170,Berbera,SO,90.0,clear sky,10.44,45.01,Damal Hotel
171,Sabang,ID,83.79,overcast clouds,5.89,95.32,Hotel Citra
174,Westport,US,80.6,clear sky,41.14,-73.36,The Westport Inn
178,Cabo San Lucas,MX,86.0,clear sky,22.89,-109.91,Hotel Tesoro Los Cabos
183,Sao Filipe,CV,78.03,few clouds,14.9,-24.5,Tortuga B&B
186,Medicine Hat,CA,86.0,overcast clouds,50.05,-110.67,Ramada Limited Medicine Hat
191,Dicabisagan,PH,88.84,overcast clouds,17.08,122.42,
192,Hobyo,SO,75.85,overcast clouds,5.35,48.53,Osmani Hotel
193,Los Llanos De Aridane,ES,77.0,few clouds,28.66,-17.92,Valle Aridane
194,Sijunjung,ID,78.35,overcast clouds,-0.69,100.95,Hotel Bukik Gadang
196,Dingle,PH,85.86,broken clouds,11.0,122.67,Camp Pasica
197,Kudahuvadhoo,MV,83.34,light rain,2.67,72.89,Kudahuvadhoo Retreat
198,Nhulunbuy,AU,82.4,overcast clouds,-12.23,136.77,East Arnhem Real Estate
202,Gorontalo,ID,85.08,light rain,0.54,123.06,Maqna Hotel by Prasanthi
206,Alofi,NU,80.6,broken clouds,-19.06,-169.92,Taloa Heights
208,Mayo,US,80.6,clear sky,38.89,-76.51,Resorts Resource Group International
214,Coahuayana,MX,80.22,overcast clouds,18.73,-103.68,Hotel Los Arcos
215,Seoul,KR,87.8,clear sky,37.57,126.98,LOTTE HOTEL SEOUL
218,Mana,GF,78.1,clear sky,5.66,-53.78,LE SAMANA
221,Laem Sing,TH,84.47,overcast clouds,12.48,102.07,Laemsing Whitehouse Resort
224,Ocala,US,84.2,clear sky,29.19,-82.14,Howard Johnson by Wyndham Ocala FL
225,Wattegama,LK,75.2,few clouds,6.8,81.48,
229,Ende,ID,84.81,clear sky,-8.84,121.66,Dwi Putra Hotel - Ende
236,Shihezi,CN,89.51,overcast clouds,44.3,86.03,Home Inn Shihezi Dongwu Road Century Square
251,Shimoda,JP,82.4,few clouds,34.67,138.95,Shimoda Tokyu Hotel
258,Half Moon Bay,US,80.6,mist,37.46,-122.43,"The Ritz-Carlton, Half Moon Bay"
261,Pincher Creek,CA,78.01,overcast clouds,49.48,-113.95,BLUE MOUNTAIN MOTEL
262,Tura,IN,80.17,broken clouds,25.52,90.22,Hotel RIKMAN Continental
271,Baghdad,IQ,78.8,clear sky,33.34,44.4,Baghdad Hotel
273,Panzhihua,CN,75.0,clear sky,26.59,101.71,Electric Power Hotel
274,Georgetown,MY,86.0,few clouds,5.41,100.34,Cititel Penang
276,Padang,ID,83.73,broken clouds,-0.95,100.35,Mercure Padang
277,Hasaki,JP,90.0,scattered clouds,35.73,140.83,Inubosaki Kanko Hotel
280,Waingapu,ID,84.16,clear sky,-9.66,120.26,Pondok Wisata Elim
289,Saint Anthony,US,81.0,scattered clouds,45.02,-93.22,Holiday Inn Express Roseville-St. Paul
294,Veraval,IN,81.79,light rain,20.9,70.37,Lords Inn Somnath
296,Karaton,ID,82.4,haze,-6.34,106.1,Parkir Mobil Wisata CAS Water Park
297,Saint-Georges,GD,80.6,few clouds,12.06,-61.75,Siesta Hotel
299,Ixtapa,MX,86.0,scattered clouds,20.7,-105.2,Container Inn Puerto Vallarta
300,Jeremie,HT,81.79,few clouds,18.65,-74.12,Auberge Inn
301,Lamu,KE,75.65,light rain,-2.27,40.9,Lamu House
302,Alta Floresta,BR,78.1,scattered clouds,-9.88,-56.09,Floresta Amazonica Hotel
306,Havelock,US,81.0,clear sky,34.88,-76.9,Sherwood Motel
309,Shingu,JP,86.0,broken clouds,33.73,135.98,Shingu UI Hotel
312,Bairiki,KI,86.0,few clouds,1.33,172.98,Tarawa Boutique Hotel
315,Luancheng,CN,82.4,overcast clouds,37.88,114.65,Shell Hebei Shijiazhuang Luancheng Xinyuan Road Hotel
317,Rosamorada,MX,80.31,light rain,22.12,-105.21,Hotel Catalina
318,Ibra,OM,81.3,overcast clouds,22.69,58.53,ŸÖÿ≤ÿ±ÿπÿ© ÿ±ÿßÿ≠ÿ© ÿßŸÑŸÜŸÅŸàÿ≥ ÿßŸÑŸÖŸÜÿ≤ŸÅÿ©
319,Kuala Terengganu,MY,80.6,few clouds,5.33,103.14,Hotel Grand Continental Kuala Terengganu (4 Star)
322,Ewa Beach,US,89.6,broken clouds,21.32,-158.01,Hampton Inn & Suites Oahu/Kapolei
323,Kirakira,SB,85.69,light rain,-10.45,161.92,SanBiz Lodge
328,Pishin,PK,76.15,clear sky,30.58,67.0,Iqra Printing Press
329,Eyl,SO,75.36,broken clouds,7.98,49.82,Amiin Hotel
330,Port-Gentil,GA,75.96,overcast clouds,-0.72,8.78,Fengshui Residence
332,Hami,CN,87.78,few clouds,42.8,93.45,Laoyutang Resort
336,Hambantota,LK,75.2,few clouds,6.12,81.12,Bungalow 63
337,Kokoda,PG,79.05,light rain,-8.88,147.74,Daito Guest House
338,Andros Town,BS,84.2,few clouds,24.7,-77.77,Hanks place
339,Pierre,US,82.4,clear sky,44.37,-100.35,Ramkota Hotel
344,Pathein,MM,80.82,moderate rain,16.78,94.73,Pathein Hotel
345,Basco,PH,83.93,overcast clouds,20.45,121.97,Nathaniel's Lodge
349,Nagapattinam,IN,82.71,overcast clouds,10.77,79.83,MGM Vailankanni
350,Umm Lajj,SA,82.85,clear sky,25.02,37.27,Moon light Furnished Units
351,Tiarei,PF,86.0,few clouds,-17.53,-149.33,Le Rocher de Tahiti
355,Samarai,PG,78.71,light rain,-10.62,150.67,Nuli Sapi
358,Marzuq,YE,79.05,broken clouds,14.4,46.47,
362,Kavaratti,IN,80.87,overcast clouds,10.57,72.64,Bismillah Hotel And Lodging
363,Faanui,PF,77.59,light rain,-16.48,-151.75,Bora-Bora Pearl Beach Resort & Spa
369,Sur,OM,78.13,overcast clouds,22.57,59.53,Sur Plaza Hotel
371,Iralaya,HN,81.66,broken clouds,15.0,-83.23,Iglesia morava renovada
375,Cockburn Town,TC,83.44,clear sky,21.46,-71.14,Osprey Beach Hotel
383,Tessalit,ML,83.82,few clouds,20.2,1.01,
385,Bambanglipuro,ID,83.8,clear sky,-7.95,110.28,Puri Brata
389,Khair,IN,80.91,clear sky,27.95,77.83,"Jindal Guest House, Khair"
390,Yebaishou,CN,81.41,overcast clouds,41.4,119.64,Siji Home
396,Avera,US,75.2,thunderstorm,33.19,-82.53,
397,Urumqi,CN,84.2,overcast clouds,43.8,87.6,Hua Ling Grand Hotel Urumqi
398,Ouallam,NE,75.58,clear sky,14.32,2.09,
400,Hiranagar,IN,80.17,light rain,32.45,75.27,gandhi apartment
404,Kushima,JP,89.6,scattered clouds,31.46,131.23,Hanaoka
408,Tra Vinh,VN,85.1,overcast clouds,9.93,106.35,H·ªìng √Çn
411,Port Hedland,AU,82.4,clear sky,-20.32,118.57,The Esplanade Hotel
412,Kalmunai,LK,80.42,overcast clouds,7.42,81.82,VS Villa
414,Manaus,BR,80.6,broken clouds,-3.1,-60.02,Hotel do Largo
415,Cayenne,GF,78.8,few clouds,4.93,-52.33,H√¥tel Le Dronmi
418,Road Town,VG,78.8,light rain,18.42,-64.62,"ZINGARA 76ft Catamaran, full crew-all included"
419,Tirumullaivasal,IN,82.13,light rain,11.23,79.83,"MATHAMPATTINAM, MODUNUTTI GROUP"
420,Ipixuna,BR,77.0,scattered clouds,-1.76,-48.8,Casa da Oscarina
423,San Ignacio,BZ,77.0,light rain,17.16,-89.07,Rainforest Haven Inn
429,Sao Felix Do Xingu,BR,75.76,overcast clouds,-6.64,-51.99,Apart Hotel Rio Xingu
430,Saryozek,KZ,76.08,light rain,44.36,77.98,Gostinitsa
436,Dwarka,IN,81.86,light rain,22.24,68.97,Hotel Narayan Avezika Comfort
437,Balikpapan,ID,78.8,light rain,-1.27,116.83,Grand Jatra Hotel Balikpapan
442,Poplar Bluff,US,80.6,clear sky,36.76,-90.39,Holiday Inn Poplar Bluff
443,Sal Rei,CV,78.8,broken clouds,16.18,-22.92,Marine Club Beach Resort
446,Jacareacanga,BR,79.14,broken clouds,-6.22,-57.75,Casa do Ianüòé
448,San Patricio,MX,86.0,overcast clouds,19.22,-104.7,Hotel Cabo Blanco
449,Mazatlan,MX,87.8,clear sky,23.22,-106.42,Gaviana Resort
450,Sao Miguel Do Araguaia,BR,81.39,broken clouds,-13.28,-50.16,Hotel Executivo Palace
451,La Romana,DO,78.8,scattered clouds,18.43,-68.97,Casa de Campo Resort and Villas
452,South Lake Tahoe,US,78.8,haze,38.93,-119.98,Tahoe Lakeshore Lodge & Spa
457,Lethem,GY,76.91,overcast clouds,3.38,-59.8,Savannah Inn
461,Bandar,ID,82.44,light rain,2.05,99.75,
462,Balabac,PH,85.75,overcast clouds,7.99,117.06,Sing and Swing Lodge
463,Kendari,ID,82.99,scattered clouds,-3.94,122.5,Hotel Wixel
464,Panguna,PG,81.12,light rain,-6.32,155.48,
465,Jatiroto,ID,82.15,clear sky,-7.88,111.12,Mushola Al Huda
467,Aloleng,PH,85.01,overcast clouds,16.13,119.78,Agno Umbrella Rocks
468,Merauke,ID,81.77,broken clouds,-8.47,140.33,
469,Nan,TH,80.6,few clouds,18.83,100.67,‡∏ô‡∏≤‡∏¢‡∏ô‡∏ô‡∏ó‡πå‡∏õ‡∏ß‡∏¥‡∏ä. ‡∏≠‡∏≤‡∏ô‡∏∏
470,Salalah,OM,75.2,light intensity drizzle,17.02,54.09,HAMDAN PLAZA HOTEL
471,Benghazi,LY,78.42,clear sky,32.12,20.07,Tibesti Hotel
472,Ukiah,US,87.8,haze,39.15,-123.21,Hampton Inn Ukiah
474,Sinnamary,GF,78.33,clear sky,5.38,-52.95,ALETHEIA Appartement Sinnamary
476,Nioro,GM,75.49,overcast clouds,13.35,-15.75,
477,Dingzhou,CN,82.4,overcast clouds,38.51,115.0,ÂÆúÂÆ∂Êó∂Â∞öÂÆæÈ¶Ü
478,Korla,CN,82.0,clear sky,41.76,86.15,Gulisitan Hotel
486,Mahibadhoo,MV,83.5,light rain,3.78,72.97,Omadhoo Inn
490,Tucumcari,US,85.98,broken clouds,35.17,-103.72,Holiday Inn Express & Suites Tucumcari
493,Kalawit,PH,86.0,overcast clouds,8.07,122.52,Ompoy Pension House
494,Port Moresby,PG,77.0,broken clouds,-9.44,147.18,Lamana Hotel
495,Kayes,ML,75.85,light rain,14.0,-11.0,
497,Moratuwa,LK,78.8,scattered clouds,6.77,79.88,Sa Mansion By Yoho
501,Ladnun,IN,80.73,scattered clouds,27.65,74.38,Varsha Sanjay Sadan
508,Spearfish,US,81.0,clear sky,44.49,-103.86,Travelodge by Wyndham Spearfish
510,Alice Town,BS,85.05,light rain,25.72,-79.3,Bimini Big Game Club Resort & Marina
512,Laizhou,CN,76.21,overcast clouds,37.18,119.93,Baidu International Hotel
514,Elizabeth City,US,80.6,clear sky,36.29,-76.25,Hampton Inn Elizabeth City
516,Wooster,US,75.2,clear sky,40.81,-81.94,Hilton Garden Inn Wooster
517,Ciudad Bolivar,VE,79.68,light rain,8.12,-63.55,Hotel Edi
518,Atar,MR,86.14,clear sky,20.52,-13.05,Oumou Elghoura
520,Lamar,US,82.4,clear sky,33.67,-95.58,Kings Inn Paris TX
521,Teluknaga,ID,84.2,haze,-6.1,106.64,Bale Ocasa hotel
525,Manavgat,TR,75.2,clear sky,36.79,31.44,Lake & River Side Hotel & Spa
526,Naze,JP,86.0,broken clouds,28.37,129.48,Â•ÑÁæé„Éù„Éº„Éà„Çø„ÉØ„Éº„Éõ„ÉÜ„É´
527,Auki,SB,86.29,light rain,-8.77,160.7,Auki Motel
529,Celestun,MX,82.11,clear sky,20.87,-90.4,Posada Lilia
530,Chihuahua,MX,87.8,scattered clouds,28.5,-106.0,
531,Conway,US,82.0,clear sky,35.09,-92.44,"Country Inn & Suites by Radisson, Conway, AR"
534,Luganville,VU,84.2,broken clouds,-15.53,167.17,The Espiritu Hotel
535,Bafoulabe,ML,76.17,light rain,13.81,-10.83,
536,Russell,US,77.0,few clouds,32.35,-85.2,Macs
537,Stephenville,US,84.2,clear sky,32.22,-98.2,Holiday Inn Express & Suites Stephenville
539,West Bay,KY,80.01,thunderstorm,19.37,-81.42,Calypso Cove
540,Acapulco,MX,82.4,overcast clouds,16.86,-99.89,HS Hotsson Smart Acapulco
541,Enid,US,87.8,clear sky,36.4,-97.88,Ramada by Wyndham Enid
543,Mapastepec,MX,77.07,light rain,15.43,-92.9,Hotel San Carlos
548,San Pedro,PH,90.0,few clouds,14.35,121.02,OYO 412 Viewfort Venue
550,Jalu,LY,75.99,clear sky,29.03,21.55,Jalu Hotel
551,Hamilton,US,80.01,few clouds,39.18,-84.53,Six Acres Bed & Breakfast
554,Zaranj,AF,77.27,clear sky,30.97,61.88,ÿ∫ÿ≤ŸÜŸà€å ŸáŸàÿ™ŸÑ
556,Ambulu,ID,83.17,clear sky,-8.35,113.61,Hotel Ambulu Jember
